{"packages/core/assets/fonts/Roboto-Black.ttf":["packages/core/assets/fonts/Roboto-Black.ttf"],"packages/core/assets/fonts/Roboto-Bold.ttf":["packages/core/assets/fonts/Roboto-Bold.ttf"],"packages/core/assets/fonts/Roboto-Light.ttf":["packages/core/assets/fonts/Roboto-Light.ttf"],"packages/core/assets/fonts/Roboto-Medium.ttf":["packages/core/assets/fonts/Roboto-Medium.ttf"],"packages/core/assets/fonts/Roboto-Regular.ttf":["packages/core/assets/fonts/Roboto-Regular.ttf"],"packages/core/assets/fonts/TwitterIcons.ttf":["packages/core/assets/fonts/TwitterIcons.ttf"],"packages/core/assets/images/avatar-placeholder.png":["packages/core/assets/images/avatar-placeholder.png"],"packages/core/assets/images/twitter-logo.png":["packages/core/assets/images/twitter-logo.png"],"packages/cupertino_icons/assets/CupertinoIcons.ttf":["packages/cupertino_icons/assets/CupertinoIcons.ttf"],"packages/widgetbook/google_fonts/Nunito-Black.ttf":["packages/widgetbook/google_fonts/Nunito-Black.ttf"],"packages/widgetbook/google_fonts/Nunito-BlackItalic.ttf":["packages/widgetbook/google_fonts/Nunito-BlackItalic.ttf"],"packages/widgetbook/google_fonts/Nunito-Bold.ttf":["packages/widgetbook/google_fonts/Nunito-Bold.ttf"],"packages/widgetbook/google_fonts/Nunito-BoldItalic.ttf":["packages/widgetbook/google_fonts/Nunito-BoldItalic.ttf"],"packages/widgetbook/google_fonts/Nunito-ExtraBold.ttf":["packages/widgetbook/google_fonts/Nunito-ExtraBold.ttf"],"packages/widgetbook/google_fonts/Nunito-ExtraBoldItalic.ttf":["packages/widgetbook/google_fonts/Nunito-ExtraBoldItalic.ttf"],"packages/widgetbook/google_fonts/Nunito-ExtraLight.ttf":["packages/widgetbook/google_fonts/Nunito-ExtraLight.ttf"],"packages/widgetbook/google_fonts/Nunito-ExtraLightItalic.ttf":["packages/widgetbook/google_fonts/Nunito-ExtraLightItalic.ttf"],"packages/widgetbook/google_fonts/Nunito-Italic.ttf":["packages/widgetbook/google_fonts/Nunito-Italic.ttf"],"packages/widgetbook/google_fonts/Nunito-Light.ttf":["packages/widgetbook/google_fonts/Nunito-Light.ttf"],"packages/widgetbook/google_fonts/Nunito-LightItalic.ttf":["packages/widgetbook/google_fonts/Nunito-LightItalic.ttf"],"packages/widgetbook/google_fonts/Nunito-Regular.ttf":["packages/widgetbook/google_fonts/Nunito-Regular.ttf"],"packages/widgetbook/google_fonts/Nunito-SemiBold.ttf":["packages/widgetbook/google_fonts/Nunito-SemiBold.ttf"],"packages/widgetbook/google_fonts/Nunito-SemiBoldItalic.ttf":["packages/widgetbook/google_fonts/Nunito-SemiBoldItalic.ttf"],"packages/widgetbook/google_fonts/OFL.txt":["packages/widgetbook/google_fonts/OFL.txt"],"packages/widgetbook_core/assets/fonts/Poppins-Black.ttf":["packages/widgetbook_core/assets/fonts/Poppins-Black.ttf"],"packages/widgetbook_core/assets/fonts/Poppins-BlackItalic.ttf":["packages/widgetbook_core/assets/fonts/Poppins-BlackItalic.ttf"],"packages/widgetbook_core/assets/fonts/Poppins-Bold.ttf":["packages/widgetbook_core/assets/fonts/Poppins-Bold.ttf"],"packages/widgetbook_core/assets/fonts/Poppins-BoldItalic.ttf":["packages/widgetbook_core/assets/fonts/Poppins-BoldItalic.ttf"],"packages/widgetbook_core/assets/fonts/Poppins-ExtraBold.ttf":["packages/widgetbook_core/assets/fonts/Poppins-ExtraBold.ttf"],"packages/widgetbook_core/assets/fonts/Poppins-ExtraBoldItalic.ttf":["packages/widgetbook_core/assets/fonts/Poppins-ExtraBoldItalic.ttf"],"packages/widgetbook_core/assets/fonts/Poppins-ExtraLight.ttf":["packages/widgetbook_core/assets/fonts/Poppins-ExtraLight.ttf"],"packages/widgetbook_core/assets/fonts/Poppins-ExtraLightItalic.ttf":["packages/widgetbook_core/assets/fonts/Poppins-ExtraLightItalic.ttf"],"packages/widgetbook_core/assets/fonts/Poppins-Italic.ttf":["packages/widgetbook_core/assets/fonts/Poppins-Italic.ttf"],"packages/widgetbook_core/assets/fonts/Poppins-Light.ttf":["packages/widgetbook_core/assets/fonts/Poppins-Light.ttf"],"packages/widgetbook_core/assets/fonts/Poppins-LightItalic.ttf":["packages/widgetbook_core/assets/fonts/Poppins-LightItalic.ttf"],"packages/widgetbook_core/assets/fonts/Poppins-Medium.ttf":["packages/widgetbook_core/assets/fonts/Poppins-Medium.ttf"],"packages/widgetbook_core/assets/fonts/Poppins-MediumItalic.ttf":["packages/widgetbook_core/assets/fonts/Poppins-MediumItalic.ttf"],"packages/widgetbook_core/assets/fonts/Poppins-Regular.ttf":["packages/widgetbook_core/assets/fonts/Poppins-Regular.ttf"],"packages/widgetbook_core/assets/fonts/Poppins-SemiBold.ttf":["packages/widgetbook_core/assets/fonts/Poppins-SemiBold.ttf"],"packages/widgetbook_core/assets/fonts/Poppins-SemiBoldItalic.ttf":["packages/widgetbook_core/assets/fonts/Poppins-SemiBoldItalic.ttf"],"packages/widgetbook_core/assets/fonts/Poppins-Thin.ttf":["packages/widgetbook_core/assets/fonts/Poppins-Thin.ttf"],"packages/widgetbook_core/assets/fonts/Poppins-ThinItalic.ttf":["packages/widgetbook_core/assets/fonts/Poppins-ThinItalic.ttf"]}