[{"family":"MaterialIcons","fonts":[{"asset":"fonts/MaterialIcons-Regular.otf"}]},{"family":"packages/cupertino_icons/CupertinoIcons","fonts":[{"asset":"packages/cupertino_icons/assets/CupertinoIcons.ttf"}]},{"family":"packages/widgetbook/Nunito","fonts":[{"asset":"packages/widgetbook/google_fonts/Nunito-Black.ttf"},{"asset":"packages/widgetbook/google_fonts/Nunito-BlackItalic.ttf"},{"asset":"packages/widgetbook/google_fonts/Nunito-Bold.ttf"},{"asset":"packages/widgetbook/google_fonts/Nunito-BoldItalic.ttf"},{"asset":"packages/widgetbook/google_fonts/Nunito-ExtraBold.ttf"},{"asset":"packages/widgetbook/google_fonts/Nunito-ExtraBoldItalic.ttf"},{"asset":"packages/widgetbook/google_fonts/Nunito-ExtraLight.ttf"},{"asset":"packages/widgetbook/google_fonts/Nunito-ExtraLightItalic.ttf"},{"asset":"packages/widgetbook/google_fonts/Nunito-Italic.ttf"},{"asset":"packages/widgetbook/google_fonts/Nunito-Light.ttf"},{"asset":"packages/widgetbook/google_fonts/Nunito-LightItalic.ttf"},{"asset":"packages/widgetbook/google_fonts/Nunito-Regular.ttf"},{"asset":"packages/widgetbook/google_fonts/Nunito-SemiBold.ttf"},{"asset":"packages/widgetbook/google_fonts/Nunito-SemiBoldItalic.ttf"}]},{"family":"packages/widgetbook_core/Poppins","fonts":[{"weight":100,"asset":"packages/widgetbook_core/assets/fonts/Poppins-Thin.ttf"},{"weight":100,"style":"italic","asset":"packages/widgetbook_core/assets/fonts/Poppins-ThinItalic.ttf"},{"weight":200,"asset":"packages/widgetbook_core/assets/fonts/Poppins-ExtraLight.ttf"},{"weight":200,"style":"italic","asset":"packages/widgetbook_core/assets/fonts/Poppins-ExtraLightItalic.ttf"},{"weight":300,"asset":"packages/widgetbook_core/assets/fonts/Poppins-Light.ttf"},{"weight":300,"style":"italic","asset":"packages/widgetbook_core/assets/fonts/Poppins-LightItalic.ttf"},{"weight":400,"asset":"packages/widgetbook_core/assets/fonts/Poppins-Regular.ttf"},{"weight":400,"style":"italic","asset":"packages/widgetbook_core/assets/fonts/Poppins-Italic.ttf"},{"weight":500,"asset":"packages/widgetbook_core/assets/fonts/Poppins-Medium.ttf"},{"weight":500,"style":"italic","asset":"packages/widgetbook_core/assets/fonts/Poppins-MediumItalic.ttf"},{"weight":600,"asset":"packages/widgetbook_core/assets/fonts/Poppins-SemiBold.ttf"},{"weight":600,"style":"italic","asset":"packages/widgetbook_core/assets/fonts/Poppins-SemiBoldItalic.ttf"},{"weight":700,"asset":"packages/widgetbook_core/assets/fonts/Poppins-Bold.ttf"},{"weight":700,"style":"italic","asset":"packages/widgetbook_core/assets/fonts/Poppins-BoldItalic.ttf"},{"weight":800,"style":"italic","asset":"packages/widgetbook_core/assets/fonts/Poppins-ExtraBold.ttf"},{"weight":800,"style":"italic","asset":"packages/widgetbook_core/assets/fonts/Poppins-ExtraBoldItalic.ttf"},{"weight":900,"asset":"packages/widgetbook_core/assets/fonts/Poppins-Black.ttf"},{"weight":900,"style":"italic","asset":"packages/widgetbook_core/assets/fonts/Poppins-BlackItalic.ttf"}]},{"family":"packages/core/TwitterIcons","fonts":[{"asset":"packages/core/assets/fonts/TwitterIcons.ttf"}]},{"family":"packages/core/Roboto","fonts":[{"asset":"packages/core/assets/fonts/Roboto-Regular.ttf"},{"weight":900,"asset":"packages/core/assets/fonts/Roboto-Black.ttf"},{"weight":700,"asset":"packages/core/assets/fonts/Roboto-Bold.ttf"},{"weight":500,"asset":"packages/core/assets/fonts/Roboto-Medium.ttf"},{"weight":300,"asset":"packages/core/assets/fonts/Roboto-Light.ttf"}]}]